{
  "path": "oblivion/dremora/",
  "name": "dremora",
  "children": [
    {
      "path": "oblivion\\dremora\\m",
      "name": "m",
      "children": [
        {
          "path": "oblivion\\dremora\\m\\genericdremora_acceptyield_0008607d_1.mp3",
          "name": "genericdremora_acceptyield_0008607d_1.mp3"
        },
        {
          "path": "oblivion\\dremora\\m\\genericdremora_attack_00086084_1.mp3",
          "name": "genericdremora_attack_00086084_1.mp3"
        },
        {
          "path": "oblivion\\dremora\\m\\genericdremora_attack_00086085_1.mp3",
          "name": "genericdremora_attack_00086085_1.mp3"
        },
        {
          "path": "oblivion\\dremora\\m\\genericdremora_attack_00086086_1.mp3",
          "name": "genericdremora_attack_00086086_1.mp3"
        },
        {
          "path": "oblivion\\dremora\\m\\genericdremora_attack_00086087_1.mp3",
          "name": "genericdremora_attack_00086087_1.mp3"
        },
        {
          "path": "oblivion\\dremora\\m\\genericdremora_attack_00086088_1.mp3",
          "name": "genericdremora_attack_00086088_1.mp3"
        },
        {
          "path": "oblivion\\dremora\\m\\genericdremora_attack_00086089_1.mp3",
          "name": "genericdremora_attack_00086089_1.mp3"
        },
        {
          "path": "oblivion\\dremora\\m\\genericdremora_attack_0008608a_1.mp3",
          "name": "genericdremora_attack_0008608a_1.mp3"
        },
        {
          "path": "oblivion\\dremora\\m\\genericdremora_attack_0008608b_1.mp3",
          "name": "genericdremora_attack_0008608b_1.mp3"
        },
        {
          "path": "oblivion\\dremora\\m\\genericdremora_attack_0008608c_1.mp3",
          "name": "genericdremora_attack_0008608c_1.mp3"
        },
        {
          "path": "oblivion\\dremora\\m\\genericdremora_attack_0008608d_1.mp3",
          "name": "genericdremora_attack_0008608d_1.mp3"
        },
        {
          "path": "oblivion\\dremora\\m\\genericdremora_attack_0008608e_1.mp3",
          "name": "genericdremora_attack_0008608e_1.mp3"
        },
        {
          "path": "oblivion\\dremora\\m\\genericdremora_attack_0008608f_1.mp3",
          "name": "genericdremora_attack_0008608f_1.mp3"
        },
        {
          "path": "oblivion\\dremora\\m\\genericdremora_attack_00086090_1.mp3",
          "name": "genericdremora_attack_00086090_1.mp3"
        },
        {
          "path": "oblivion\\dremora\\m\\genericdremora_attack_00086091_1.mp3",
          "name": "genericdremora_attack_00086091_1.mp3"
        },
        {
          "path": "oblivion\\dremora\\m\\genericdremora_attack_00086092_1.mp3",
          "name": "genericdremora_attack_00086092_1.mp3"
        },
        {
          "path": "oblivion\\dremora\\m\\genericdremora_attack_00086093_1.mp3",
          "name": "genericdremora_attack_00086093_1.mp3"
        },
        {
          "path": "oblivion\\dremora\\m\\genericdremora_attack_00086094_1.mp3",
          "name": "genericdremora_attack_00086094_1.mp3"
        },
        {
          "path": "oblivion\\dremora\\m\\genericdremora_attack_00086095_1.mp3",
          "name": "genericdremora_attack_00086095_1.mp3"
        },
        {
          "path": "oblivion\\dremora\\m\\genericdremora_attack_00086096_1.mp3",
          "name": "genericdremora_attack_00086096_1.mp3"
        },
        {
          "path": "oblivion\\dremora\\m\\genericdremora_attack_00086097_1.mp3",
          "name": "genericdremora_attack_00086097_1.mp3"
        },
        {
          "path": "oblivion\\dremora\\m\\genericdremora_attack_00086098_1.mp3",
          "name": "genericdremora_attack_00086098_1.mp3"
        },
        {
          "path": "oblivion\\dremora\\m\\genericdremora_attack_00086099_1.mp3",
          "name": "genericdremora_attack_00086099_1.mp3"
        },
        {
          "path": "oblivion\\dremora\\m\\genericdremora_attack_0008609a_1.mp3",
          "name": "genericdremora_attack_0008609a_1.mp3"
        },
        {
          "path": "oblivion\\dremora\\m\\genericdremora_attack_0008609b_1.mp3",
          "name": "genericdremora_attack_0008609b_1.mp3"
        },
        {
          "path": "oblivion\\dremora\\m\\genericdremora_flee_00086082_1.mp3",
          "name": "genericdremora_flee_00086082_1.mp3"
        },
        {
          "path": "oblivion\\dremora\\m\\genericdremora_greeting_0003e8f0_1.mp3",
          "name": "genericdremora_greeting_0003e8f0_1.mp3"
        },
        {
          "path": "oblivion\\dremora\\m\\genericdremora_hello_0003e8f1_1.mp3",
          "name": "genericdremora_hello_0003e8f1_1.mp3"
        },
        {
          "path": "oblivion\\dremora\\m\\genericdremora_hit_0008609c_1.mp3",
          "name": "genericdremora_hit_0008609c_1.mp3"
        },
        {
          "path": "oblivion\\dremora\\m\\genericdremora_hit_0008609d_1.mp3",
          "name": "genericdremora_hit_0008609d_1.mp3"
        },
        {
          "path": "oblivion\\dremora\\m\\genericdremora_hit_0008609e_1.mp3",
          "name": "genericdremora_hit_0008609e_1.mp3"
        },
        {
          "path": "oblivion\\dremora\\m\\genericdremora_hit_0008609f_1.mp3",
          "name": "genericdremora_hit_0008609f_1.mp3"
        },
        {
          "path": "oblivion\\dremora\\m\\genericdremora_hit_000860a0_1.mp3",
          "name": "genericdremora_hit_000860a0_1.mp3"
        },
        {
          "path": "oblivion\\dremora\\m\\genericdremora_powerattack_000869a8_1.mp3",
          "name": "genericdremora_powerattack_000869a8_1.mp3"
        },
        {
          "path": "oblivion\\dremora\\m\\genericdremora_powerattack_000869a9_1.mp3",
          "name": "genericdremora_powerattack_000869a9_1.mp3"
        },
        {
          "path": "oblivion\\dremora\\m\\genericdremora_yield_0008607e_1.mp3",
          "name": "genericdremora_yield_0008607e_1.mp3"
        },
        {
          "path": "oblivion\\dremora\\m\\mq15_greeting_0003c80b_1.mp3",
          "name": "mq15_greeting_0003c80b_1.mp3"
        },
        {
          "path": "oblivion\\dremora\\m\\mq15_greeting_0003c93c_1.mp3",
          "name": "mq15_greeting_0003c93c_1.mp3"
        },
        {
          "path": "oblivion\\dremora\\m\\mq15_greeting_0003c93d_1.mp3",
          "name": "mq15_greeting_0003c93d_1.mp3"
        },
        {
          "path": "oblivion\\dremora\\m\\mq15_greeting_0003c93e_1.mp3",
          "name": "mq15_greeting_0003c93e_1.mp3"
        },
        {
          "path": "oblivion\\dremora\\m\\mq15_greeting_0003c93e_2.mp3",
          "name": "mq15_greeting_0003c93e_2.mp3"
        },
        {
          "path": "oblivion\\dremora\\m\\mq15_greeting_0003c944_2.mp3",
          "name": "mq15_greeting_0003c944_2.mp3"
        },
        {
          "path": "oblivion\\dremora\\m\\mq15_greeting_0003c944_3.mp3",
          "name": "mq15_greeting_0003c944_3.mp3"
        },
        {
          "path": "oblivion\\dremora\\m\\mq15_greeting_0003eac3_2.mp3",
          "name": "mq15_greeting_0003eac3_2.mp3"
        },
        {
          "path": "oblivion\\dremora\\m\\mq15_greeting_0003eac4_2.mp3",
          "name": "mq15_greeting_0003eac4_2.mp3"
        },
        {
          "path": "oblivion\\dremora\\m\\mq15_hello_0003eaaa_1.mp3",
          "name": "mq15_hello_0003eaaa_1.mp3"
        },
        {
          "path": "oblivion\\dremora\\m\\mq15_mq15anaxes_0003c80d_3.mp3",
          "name": "mq15_mq15anaxes_0003c80d_3.mp3"
        },
        {
          "path": "oblivion\\dremora\\m\\mq15_mq15anaxes_0003c80d_5.mp3",
          "name": "mq15_mq15anaxes_0003c80d_5.mp3"
        },
        {
          "path": "oblivion\\dremora\\m\\mq15_mq15bandsofchosen_0003c80e_1.mp3",
          "name": "mq15_mq15bandsofchosen_0003c80e_1.mp3"
        },
        {
          "path": "oblivion\\dremora\\m\\mq15_mq15bandsofchosen_0003c80e_3.mp3",
          "name": "mq15_mq15bandsofchosen_0003c80e_3.mp3"
        },
        {
          "path": "oblivion\\dremora\\m\\mq15_mq15forbiddengrotto_0003c80f_1.mp3",
          "name": "mq15_mq15forbiddengrotto_0003c80f_1.mp3"
        },
        {
          "path": "oblivion\\dremora\\m\\mq15_mq15forbiddengrotto_0003c80f_2.mp3",
          "name": "mq15_mq15forbiddengrotto_0003c80f_2.mp3"
        },
        {
          "path": "oblivion\\dremora\\m\\mq15_mq15kathuteta_0003c80c_1.mp3",
          "name": "mq15_mq15kathuteta_0003c80c_1.mp3"
        },
        {
          "path": "oblivion\\dremora\\m\\mq15_mq15kathuteta_0003c80c_2.mp3",
          "name": "mq15_mq15kathuteta_0003c80c_2.mp3"
        },
        {
          "path": "oblivion\\dremora\\m\\mq15_mq15kathuteta_0003c80c_3.mp3",
          "name": "mq15_mq15kathuteta_0003c80c_3.mp3"
        },
        {
          "path": "oblivion\\dremora\\m\\mq15_mq15kathutetb1_0003e8f2_1.mp3",
          "name": "mq15_mq15kathutetb1_0003e8f2_1.mp3"
        },
        {
          "path": "oblivion\\dremora\\m\\mq15_mq15kathutetb2_0003e8f3_1.mp3",
          "name": "mq15_mq15kathutetb2_0003e8f3_1.mp3"
        },
        {
          "path": "oblivion\\dremora\\m\\mq15_mq15kathutetb3_0003e8f9_1.mp3",
          "name": "mq15_mq15kathutetb3_0003e8f9_1.mp3"
        },
        {
          "path": "oblivion\\dremora\\m\\mq15_mq15kathutetb4_0003e8f4_2.mp3",
          "name": "mq15_mq15kathutetb4_0003e8f4_2.mp3"
        },
        {
          "path": "oblivion\\dremora\\m\\mq15_mq15kathutetb4_0003e8f4_3.mp3",
          "name": "mq15_mq15kathutetb4_0003e8f4_3.mp3"
        },
        {
          "path": "oblivion\\dremora\\m\\mq15_mq15kathutetb4_0003e8f4_4.mp3",
          "name": "mq15_mq15kathutetb4_0003e8f4_4.mp3"
        },
        {
          "path": "oblivion\\dremora\\m\\mq15_mq15kathutetb4_0003e8f5_2.mp3",
          "name": "mq15_mq15kathutetb4_0003e8f5_2.mp3"
        },
        {
          "path": "oblivion\\dremora\\m\\mq15_mq15kathutetb4_0003e8f5_4.mp3",
          "name": "mq15_mq15kathutetb4_0003e8f5_4.mp3"
        },
        {
          "path": "oblivion\\dremora\\m\\mq15_mq15kathutetb4_0003e8f5_5.mp3",
          "name": "mq15_mq15kathutetb4_0003e8f5_5.mp3"
        },
        {
          "path": "oblivion\\dremora\\m\\mq15_mq15kathutetb4_0003e8f5_6.mp3",
          "name": "mq15_mq15kathutetb4_0003e8f5_6.mp3"
        },
        {
          "path": "oblivion\\dremora\\m\\mq15_mq15kathutetc1_0003e8f6_1.mp3",
          "name": "mq15_mq15kathutetc1_0003e8f6_1.mp3"
        },
        {
          "path": "oblivion\\dremora\\m\\mq15_mq15kathutetc2_0003e8f7_1.mp3",
          "name": "mq15_mq15kathutetc2_0003e8f7_1.mp3"
        },
        {
          "path": "oblivion\\dremora\\m\\mq15_mq15kathutetc2_0003e8f7_2.mp3",
          "name": "mq15_mq15kathutetc2_0003e8f7_2.mp3"
        },
        {
          "path": "oblivion\\dremora\\m\\mq15_mq15kathutetc3_0003e8f8_1.mp3",
          "name": "mq15_mq15kathutetc3_0003e8f8_1.mp3"
        },
        {
          "path": "oblivion\\dremora\\m\\mq15_mq15kathutetc3_0003e8f8_2.mp3",
          "name": "mq15_mq15kathutetc3_0003e8f8_2.mp3"
        },
        {
          "path": "oblivion\\dremora\\m\\mq15_mq15kathutetc3_0003e8f8_3.mp3",
          "name": "mq15_mq15kathutetc3_0003e8f8_3.mp3"
        },
        {
          "path": "oblivion\\dremora\\m\\mq15_mq15kathutetc3_0003e8f8_4.mp3",
          "name": "mq15_mq15kathutetc3_0003e8f8_4.mp3"
        },
        {
          "path": "oblivion\\dremora\\m\\mq15_mq15kathutetc4_0003e8fa_1.mp3",
          "name": "mq15_mq15kathutetc4_0003e8fa_1.mp3"
        },
        {
          "path": "oblivion\\dremora\\m\\mq15_mq15kathutetc4_0003e8fa_2.mp3",
          "name": "mq15_mq15kathutetc4_0003e8fa_2.mp3"
        },
        {
          "path": "oblivion\\dremora\\m\\mq15_mq15kathutetc5_0003e8fb_2.mp3",
          "name": "mq15_mq15kathutetc5_0003e8fb_2.mp3"
        },
        {
          "path": "oblivion\\dremora\\m\\mq15_mq15kathutetc5_0003e8fb_3.mp3",
          "name": "mq15_mq15kathutetc5_0003e8fb_3.mp3"
        },
        {
          "path": "oblivion\\dremora\\m\\mq15_mq15kathutetc6_0003e8fc_1.mp3",
          "name": "mq15_mq15kathutetc6_0003e8fc_1.mp3"
        },
        {
          "path": "oblivion\\dremora\\m\\mq15_mq15kathutetc6_0003e8fc_2.mp3",
          "name": "mq15_mq15kathutetc6_0003e8fc_2.mp3"
        },
        {
          "path": "oblivion\\dremora\\m\\mq15_mq15kathutetc6_0003e8fd_1.mp3",
          "name": "mq15_mq15kathutetc6_0003e8fd_1.mp3"
        },
        {
          "path": "oblivion\\dremora\\m\\mq15_mq15kathutetc6_0003e8fd_2.mp3",
          "name": "mq15_mq15kathutetc6_0003e8fd_2.mp3"
        },
        {
          "path": "oblivion\\dremora\\m\\mq15_mq15kathutetd_0003e8fe_1.mp3",
          "name": "mq15_mq15kathutetd_0003e8fe_1.mp3"
        },
        {
          "path": "oblivion\\dremora\\m\\mq15_mq15kathutetd_0003e8fe_2.mp3",
          "name": "mq15_mq15kathutetd_0003e8fe_2.mp3"
        },
        {
          "path": "oblivion\\dremora\\m\\mq15_mq15kathutetd_0003e8fe_3.mp3",
          "name": "mq15_mq15kathutetd_0003e8fe_3.mp3"
        },
        {
          "path": "oblivion\\dremora\\m\\mq15_mq15kathutetd_0003e8fe_4.mp3",
          "name": "mq15_mq15kathutetd_0003e8fe_4.mp3"
        },
        {
          "path": "oblivion\\dremora\\m\\mq15_mq15kathutetd_0003e8fe_5.mp3",
          "name": "mq15_mq15kathutetd_0003e8fe_5.mp3"
        },
        {
          "path": "oblivion\\dremora\\m\\mqconversations_mq15ortheeldamil_0003eab6_1.mp3",
          "name": "mqconversations_mq15ortheeldamil_0003eab6_1.mp3"
        },
        {
          "path": "oblivion\\dremora\\m\\mqconversations_mq15ortheeldamil_0003eab8_1.mp3",
          "name": "mqconversations_mq15ortheeldamil_0003eab8_1.mp3"
        },
        {
          "path": "oblivion\\dremora\\m\\mqconversations_mq15ortheeldamil_0003eab9_1.mp3",
          "name": "mqconversations_mq15ortheeldamil_0003eab9_1.mp3"
        },
        {
          "path": "oblivion\\dremora\\m\\mqconversations_mq15ortheeldamil_0003eabc_1.mp3",
          "name": "mqconversations_mq15ortheeldamil_0003eabc_1.mp3"
        },
        {
          "path": "oblivion\\dremora\\m\\ms48_greeting_00098145_1.mp3",
          "name": "ms48_greeting_00098145_1.mp3"
        },
        {
          "path": "oblivion\\dremora\\m\\ms48_ms48dremoragreet_00098145_1.mp3",
          "name": "ms48_ms48dremoragreet_00098145_1.mp3"
        }
      ]
    }
  ]
}